"Codigo";"Latitude";"Longitude";"Area";"Nome";"Horario_Brasilia";"Horario_Rondonia";"Horario_Acre";"Nivel_Atual";"Var_Nivel_24";"Var_Nivel_7d";"Var_Nivel_14d";"Var_Nivel_21d";"Acum_Chuva_24";"Acum_Chuva_96";"Rio";"Passado";"C_Max";"Ano_Max";"Mediana";"Minima_Dia";"Maxima_Dia";"Percentil";"SPI";"Atencao";"Alerta";"Inunda";"Status"
10100000;-4,235;-69,945;874000;"Tabatinga";2026-02-21 09:15:00;2026-02-21 08:15:00;2026-02-21 07:15:00;1131;3;34;54;;0;43,2;"SOLIMOES";932;;"1999";1023;502;1224;"80%-90%";;;;;
10500000;-4,341;-70,906;61400;"ESTIRÃO DO REPOUSO";2026-01-11 10:45:00;2026-01-11 09:45:00;2026-01-11 08:45:00;1124;-4;;;;0;0;"JAVARI";1389;;"2019";1449;833;1723;"0%-10%";;;;;
10910000;-4,584;-70,264;36900;"LADÁRIO - JUSANTE";2025-12-16 20:45:00;2025-12-16 19:45:00;2025-12-16 18:45:00;1363;5;;;;0;0;"ITACUAI";1627;;"2001";1607;1186;1771;"0%-10%";;;;;
11400000;-3,457;-68,912;1010000;"SÃO PAULO DE OLIVENÇA";2025-12-07 10:00:00;2025-12-07 09:00:00;2025-12-07 08:00:00;1198;;;138;;0;0;"SOLIMÕES";1144;;"2015";1158;547;1411;"60%-70%";;;;;
12240000;-3,337;-67,492;64400;"PORTO SEGURO";2026-01-27 09:45:00;2026-01-27 08:45:00;2026-01-27 07:45:00;1377;;;51;57;0;0;"JUTAÍ";1365;;"2015";1398;1238;1483;"20%-30%";;;;;
12351000;-2,491;-66,062;1220000;"Fonte Boa";2025-12-03 01:30:00;2025-12-03 00:30:00;2025-12-02 23:30:00;1797;9;75;143;202;0;0;"SOLIMOES";1815;;"2015";1874;1265;2066;"20%-30%";;;;;
12500000;-7,633;-72,66;37800;"Cruzeiro do Sul";2026-02-21 11:00:00;2026-02-21 10:00:00;2026-02-21 09:00:00;1247;45;295;-85;-68;2,4;14,6;"JURUÁ";;;"2009";1067;577;1432;"70%-80%";;1000;1180;1300;"Alerta"
12520000;-7,056;-71,689;56100;"IPIXUNA";2025-09-30 10:45:00;2025-09-30 09:45:00;2025-09-30 08:45:00;394;;;;75;0;0;"JURUÁ";1208;;"1986";1275;731;1381;"Mínima-0%";;;;;
12590000;-8,152;-70,746;8770;"PONTE DE TARAUACÁ";2026-02-20 19:00:00;2026-02-20 18:00:00;2026-02-20 17:00:00;908;;251;271;-70;0;43,2;"TARAUACÁ";;;"2017";813,5;621;1017;"67%-78%";;;;;
12650000;-8,164;-70,356;17000;"Feijó";2025-06-09 19:00:00;2025-06-09 18:00:00;2025-06-09 17:00:00;487;18;-67;-132;-31;0;0;"FEIJÓ";781;;"2021";948;653;1422;"Mínima-0%";;1200;1350;1400;"Normal"
12845000;-1,395;-69,428;206000;"VILA BITTENCOURT";2025-12-08 07:00:00;2025-12-08 06:00:00;2025-12-08 05:00:00;1018;-26;-66;-20;-14;0;0;"JAPURÁ";836;;"1989";647,5;423;1032;"90%-100%";;;;;
12850000;-1,821;-66,609;249000;"ACANAUI";2025-12-18 09:45:00;2025-12-18 08:45:00;2025-12-18 07:45:00;929;-48;;-204;-157;0;0;"JAPURÁ";1028;;"1989";826;467;1186;"60%-70%";;;;;
13150000;-4,058;-63,028;1780000;"Itapéua";2024-11-25 17:00:00;2024-11-25 16:00:00;2024-11-25 15:00:00;329;-4;-24;136;;0;0;"SOLIMOES";;;"2020";1215;588;1430;"Mínima-0%";;;;;
13150003;-4,086;-63,083;1780000;"COARI";2026-02-21 10:30:00;2026-02-21 09:30:00;2026-02-21 08:30:00;1331;5;37;79;135;0;0;"SOLIMÕES";;;"2015";1208;881;1446;"70%-80%";;;;;
13169900;-9,434;-70,494;15917;"SANTA ROSA DO PURUS - SEDE";2025-12-20 20:00:00;2025-12-20 19:00:00;2025-12-20 18:00:00;712;;373;368;;0;0;"PURUS";;;"2021";765;525;1022;"33%-67%";;;;;
13180000;-8,889;-69,275;32800;"MANOEL URBANO";2026-02-21 11:00:00;2026-02-21 10:00:00;2026-02-21 09:00:00;632;-1;-7;-325;-578;1,4;13,4;"PURUS";757;;"1997";1019;645;1397;"Mínima-0%";;;;;
13300000;-9,374;-68,724;11200;"SERINGAL SÃO JOSÉ";2026-02-21 10:45:00;2026-02-21 09:45:00;2026-02-21 08:45:00;649;-1;134;29;-587;23;72,8;"IACO";984;;"1999";928,5;407;1404;"10%-20%";;;;;
13310000;-9,068;-68,653;18000;"Sena Madureira";2026-02-21 11:00:00;2026-02-21 10:00:00;2026-02-21 09:00:00;906;-23;130;-349;-638;16;69,6;"IACO";818;;"2021";1246,5;642;1804;"30%-40%";;1300;1400;1520;"Normal"
13445000;-10,941;-69,577;3760;"PONTE BRASIL-PERU";2026-02-21 10:15:00;2026-02-21 09:15:00;2026-02-21 08:15:00;398;;86;77;-85;18,8;50;"ACRE";;;;;;;;;;;;
13450000;-10,944;-69,566;3760;"ASSIS BRASIL";2025-03-25 17:15:00;2025-03-25 16:15:00;2025-03-25 15:15:00;324;-46;-124;-220;-125;0;0;"ACRE";;;"2012";414;280;1024;"30%-40%";;1000;1130;1250;"Normal"
13470000;-11,018;-68,745;7020;"BRASILEIA";2026-02-10 20:30:00;2026-02-10 19:30:00;2026-02-10 18:30:00;708;229;401;75;176;0;0;"ACRE";284;;"2024";490;250;1426;"80%-90%";;880;980;1140;"Normal"
13540000;-10,561;-68,705;3730;"COLONIA DOLORES";2026-02-21 11:00:00;2026-02-21 10:00:00;2026-02-21 09:00:00;630;-93;179;19;-520;1;44,4;"XAPURI";493;;"2015";727,5;465;1093;"38%-50%";;;;;
13550000;-10,651;-68,508;8270;"XAPURI";2026-01-14 07:00:00;2026-01-14 06:00:00;2026-01-14 05:00:00;972;167;497;322;597;0;0;"ACRE";461;;"2015";724;305;1495;"70%-80%";;1150;1250;1340;"Normal"
13568000;-10,389;-67,935;15000;"CAPIXABA";2026-02-21 10:15:00;2026-02-21 09:15:00;2026-02-21 08:15:00;615;-13;112;-15;-613;0,2;18,6;"ACRE";;;;;;;;;;;;
13572000;-10,005;-68,529;3210;"ESPALHA";2026-02-21 10:15:00;2026-02-21 09:15:00;2026-02-21 08:15:00;807;38;200;-99;-138;0;0;"DO ROLA";;;;;;;;;;;;
13578000;-10,057;-67,964;6520;"RIO ROLA";2026-02-21 10:15:00;2026-02-21 09:15:00;2026-02-21 08:15:00;688;-18;-41;-416;-454;0;48,2;"DO ROLA";1073;;"2023";1073;399;1614;"0%-11%";;;;;
13600002;-9,975;-67,801;23500;"RIO BRANCO";2026-02-21 10:45:00;2026-02-21 09:45:00;2026-02-21 08:45:00;909;-6;14;-200;-599;0;15,2;"ACRE";938;;"2015";1152;541;1681;"20%-30%";;1250;1350;1400;"Normal"
13650000;-9,067;-67,397;34400;"Floriano Peixoto";2025-11-30 17:00:00;2025-11-30 16:00:00;2025-11-30 15:00:00;778;58;-7;;;0;0;"ACRE";1642;;"1997";1618;951;2074;"Mínima-0%";;;;;
13710001;-8,653;-67,375;105000;"Valparaíso Montante";2025-12-15 08:45:00;2025-12-15 07:45:00;2025-12-15 06:45:00;1298;;;395;;0;0;"PURUS";1487;;"1979";1560;1048;1917;"10%-20%";;;;;
13870000;-7,258;-64,798;226000;"LÁBREA";2026-02-21 10:45:00;2026-02-21 09:45:00;2026-02-21 08:45:00;2077;0;;;;20,6;68,6;"PURUS";1843;;"1997";1912;1114;2163;"90%-100%";;;;;
13990000;-3,899;-61,374;378000;"Beruri";2026-02-21 11:00:00;2026-02-21 10:00:00;2026-02-21 09:00:00;1669;5;43;91;148;20;33,2;"PURUS";;;"2015";1564;1115;1801;"70%-80%";;;;;
14100000;-3,311;-60,609;2200000;"Manacapuru";2026-02-21 10:15:00;2026-02-21 09:15:00;2026-02-21 08:15:00;1534;4;39;87;148;11;76,6;"SOLIMOES";;;"2021";1439;828;1653;"80%-90%";;1700;1770;1960;"Normal"
14320001;-0,137;-67,086;193000;"São Gabriel da Cachoeira";2024-10-22 16:45:00;2024-10-22 15:45:00;2024-10-22 14:45:00;193;;;;;0;0;"NEGRO";;;;;;;;;;;;
14400000;-0,42;-65,015;262000;"Tapuruquara";2024-10-22 16:45:00;2024-10-22 15:45:00;2024-10-22 14:45:00;193;;;;;0;0;"NEGRO";;;;;;;;;;;;
14420000;-0,482;-64,829;293000;"Serrinha";2026-02-21 10:30:00;2026-02-21 09:30:00;2026-02-21 08:30:00;585;0;-53;-113;-134;0;9,8;"NEGRO";766;;"2019";610,5;341;954;"40%-50%";;;;;
14480002;-0,966;-62,931;379000;"Barcelos";2026-02-17 07:00:00;2026-02-17 06:00:00;2026-02-17 05:00:00;454;-2;-16;-4;50;0;0;"NEGRO";462;;"2022";366;122;708;"70%-80%";;;;;
14489000;3,353;-61,422;26700;"MARACA";2026-02-21 10:45:00;2026-02-21 09:45:00;2026-02-21 08:45:00;434;6;1;-39;-114;0;0;"URARICOERA";;;"2021";415;335;634;"50%-60%";;;;;
14495000;3,438;-61,037;36900;"FAZENDA CAJUPIRANGA";2026-02-21 11:15:00;2026-02-21 10:15:00;2026-02-21 09:15:00;503;2;-7;-43;-100;0;0;"URARICOERA";;;"2021";503;420;813;"40%-50%";;;;;
14515000;3,208;-60,571;50200;"FAZENDA PASSARAO";2026-02-21 10:30:00;2026-02-21 09:30:00;2026-02-21 08:30:00;599;0;-13;-56;-94;0;0;"URARICOERA";;;"2011";581;491;908;"50%-60%";;;;;
14527000;3,568;-59,888;24300;"PONTE DO TACUTU";2026-02-21 10:30:00;2026-02-21 09:30:00;2026-02-21 08:30:00;419;-3;-1;-22;-40;0;0;"TACUTU";;;"2011";452;388;570;"20%-30%";;;;;
14530000;4,196;-60,794;2280;"VILA SURUMU";2026-02-21 11:00:00;2026-02-21 10:00:00;2026-02-21 09:00:00;271;-1;-7;-10;-18;0;0;"SURUMU";275;;"2022";275;200;480;"40%-50%";;;;;
14540000;4,631;-60,471;3210;"FAZENDA BANDEIRA BRANCA";2026-02-21 10:45:00;2026-02-21 09:45:00;2026-02-21 08:45:00;109;-2;-11;-16;-46;0;0;"COTINGO";167;;"2011";124;70;356;"20%-30%";;;;;
14558000;3,318;-60,345;40600;"FAZENDA PARAISO";2026-02-21 11:00:00;2026-02-21 10:00:00;2026-02-21 09:00:00;464;-4;-2;-19;-27;0;0;"TACUTU";;;"2017";479,5;436;574;"30%-40%";;;;;
14620000;2,827;-60,656;97200;"BOA VISTA";2026-02-21 10:30:00;2026-02-21 09:30:00;2026-02-21 08:30:00;59;-3;-14;-62;-92;0;0;"BRANCO";;;"2011";118;-25;319;"20%-30%";;750;800;850;"Normal"
14680001;2,871;-61,441;12200;"FE E ESPERANCA";2026-02-21 10:30:00;2026-02-21 09:30:00;2026-02-21 08:30:00;209;-2;-10;-24;-44;0;0;"MUCAJAÍ";;;"1976";206;140;538;"40%-50%";;;;;
14690000;2,471;-60,918;19800;"MUCAJAI";2026-02-21 10:30:00;2026-02-21 09:30:00;2026-02-21 08:30:00;891;-2;-17;-52;-73;0,2;0,4;"MUCAJAÍ";;;"2011";904;798;1163;"40%-50%";;;;;
14710000;1,821;-61,124;126000;"CARACARAI";2026-02-21 11:15:00;2026-02-21 10:15:00;2026-02-21 09:15:00;119;1;-21;-82;-83;0;0;"BRANCO";;;"2011";118;11;391;"50%-60%";;800;850;900;"Normal"
14790000;-0,505;-61,786;184000;"SANTA MARIA DO BOIAÇU";2026-01-19 07:00:00;2026-01-19 06:00:00;2026-01-19 05:00:00;434;4;;-33;-20;0;0;"BRANCO";467;;"2011";358;156;668;"60%-70%";;;;;
14840000;-1,457;-61,635;593000;"MOURA";2026-02-21 10:00:00;2026-02-21 09:00:00;2026-02-21 08:00:00;888;;;64;;6;88,8;"NEGRO";792;;"2022";813;348;1112;"70%-80%";;;;;
14990000;-3,138;-60,027;712000;"Manaus";2026-02-21 10:45:00;2026-02-21 09:45:00;2026-02-21 08:45:00;2411;0;17;69;135;0;0;"NEGRO";;;"2012";2299;1848;2599;"80%-90%";;2650;2750;2900;"Normal"
15050001;-15,215;-59,354;2990;"PONTES E LACERDA";2025-07-21 12:30:00;2025-07-21 11:30:00;2025-07-21 10:30:00;65;;;;;0;0;"GUAPORÉ";;;;;;;;;;;;
15124009;-13,513;-60,53;3600;"CABIXI";2026-02-21 10:45:00;2026-02-21 09:45:00;2026-02-21 08:45:00;425;-2;-8;78;6;14;32;"CABIXI";430;;"2002";427;324;450;"33%-44%";;;;;
15130000;-13,486;-61,05;54400;"PIMENTEIRAS";2026-02-21 11:00:00;2026-02-21 10:00:00;2026-02-21 09:00:00;637;2;17;8;3;0;8;"GUAPORÉ";646;;"1988";652;461;744;"30%-40%";;;;;
15150000;-12,851;-62,899;110000;"Pedras Negras";2026-02-21 10:15:00;2026-02-21 09:15:00;2026-02-21 08:15:00;615;2;16;31;41;0;0;"GUAPORÉ";637;;"1988";637;452;697;"20%-30%";;;;;
15200000;-12,427;-64,425;341000;"Príncípe da Beira";2026-02-21 10:30:00;2026-02-21 09:30:00;2026-02-21 08:30:00;856;3;38;57;62;0,2;20,6;"GUAPORÉ";998;;"2014";1010;661;1183;"10%-20%";;;;;
15248010;-10,918;-65,043;4390;"BOCA DO POMPEU - JUSANTE";2025-10-17 16:45:00;2025-10-17 15:45:00;2025-10-17 14:45:00;85;0;-4;-11;-9;0;0;"OURO PRETO";511;;"2020";498,5;288;579;"Mínima-0%";;;;;
15250000;-10,793;-65,348;609000;"GUAJARA-MIRIM";2026-02-21 10:30:00;2026-02-21 09:30:00;2026-02-21 08:30:00;943;0;9;15;15;0;18,6;"MAMORE";980;;"2014";974;832;1184;"30%-40%";;930;1020;1110;"Atencao"
15318000;-10,348;-65,357;834000;"UHE JIRAU JUSANTE RIO BENI";2026-02-21 11:15:00;2026-02-21 10:15:00;2026-02-21 09:15:00;1545;15;77;-38;-10;6;16,8;"MADEIRA";;;"2014";1627;1462;1969;"20%-30%";;;;;
15320002;-9,705;-65,367;921000;"ABUNÃ";2026-02-21 10:30:00;2026-02-21 09:30:00;2026-02-21 08:30:00;2048;13;61;-52;-10;3,4;8,6;"MADEIRA";2110;;"2014";1873;1594;2398;"80%-90%";;;;;
15324000;-10,338;-67,183;7740;"PLÁCIDO DE CASTRO";2026-02-21 11:15:00;2026-02-21 10:15:00;2026-02-21 09:15:00;1075;-12;-29;-140;-200;2,6;52,2;"ABUNÃ";1034;;"2012";1053;533;1493;"40%-50%";;;;;
15326000;-9,785;-65,528;31100;"MORADA NOVA JUSANTE";2026-02-21 10:30:00;2026-02-21 09:30:00;2026-02-21 08:30:00;1392;9;42;-28;7;66,8;85,4;"ABUNÃ?";1387;;"2014";1258;1052;1668;"80%-90%";;;;;
15400000;-8,748;-63,917;976000;"PORTO VELHO";2026-02-21 10:15:00;2026-02-21 09:15:00;2026-02-21 08:15:00;1297;10;42;-98;-44;0;3;"MADEIRA";1434;;"2014";1421;1121;1810;"10%-20%";;1400;1500;1700;"Normal"
15430000;-9,926;-63,071;8140;"Ariquemes";2026-02-21 11:00:00;2026-02-21 10:00:00;2026-02-21 09:00:00;623;-6;-131;-1;-203;2,4;14,4;"JAMARI";935;;"2007";755;327;1087;"20%-30%";;;;;
15490000;-8,452;-63,518;977000;"PROSPERIDADE";2026-02-21 11:15:00;2026-02-21 10:15:00;2026-02-21 09:15:00;1462;9;60;-70;-5;0;4,2;"MADEIRA";1571;;"2014";1494;1288;1837;"30%-40%";;;;;
15490200;-8,426;-63,484;1400000;"SÃO CARLOS";2025-03-31 17:00:00;2025-03-31 16:00:00;2025-03-31 15:00:00;1938;4;18;50;96;0;0;"MADEIRA";;;;;;;;;;;;
15490600;-8,584;-63,733;1400000;"PORTO VELHO";2025-03-31 17:00:00;2025-03-31 16:00:00;2025-03-31 15:00:00;1859;-1;19;61;112;0;0;"MADEIRA";;;;;;;;;;;;
15550000;-8,799;-63,711;12700;"SANTA ISABEL";2026-02-21 10:45:00;2026-02-21 09:45:00;2026-02-21 08:45:00;1728;;3;-170;;0;8,2;"CANDEIAS";2019;;"2019";1715,5;1390;2062;"50%-60%";;;;;
15552600;-11,749;-60,868;4360;"FAZENDA FLOR DO CAMPO";2026-02-21 11:00:00;2026-02-21 10:00:00;2026-02-21 09:00:00;378;-9;-27;-87;45;0;0;"COMEMORAÇÃO";331;;"1987";415;319;623;"30%-40%";;;;;
15558000;-11,684;-61,192;10100;"PIMENTA BUENO";2026-02-21 10:45:00;2026-02-21 09:45:00;2026-02-21 08:45:00;707;-53;-209;26;47;3,6;5,2;"PIMENTA BUENO";823;;"2014";757;515;957;"30%-40%";;;;;
15558200;-11,444;-61,441;17900;"CACOAL";2025-08-16 23:30:00;2025-08-16 22:30:00;2025-08-16 21:30:00;39;;;;;0;0;"PIRARARA";;;"2022";160;115;334;"Mínima-0%";;;;;
15559000;-11,653;-61,215;16100;"SÍTIO BELA VISTA";2026-02-21 11:00:00;2026-02-21 10:00:00;2026-02-21 09:00:00;453;-50;-196;13;42;2,4;2,4;"MACHADO";589;;"2014";515;277;731;"40%-50%";;;;;
15560000;-10,874;-61,936;32800;"JI-PARANA";2026-02-21 11:00:00;2026-02-21 10:00:00;2026-02-21 09:00:00;933;-13;-43;119;0;0;39,4;"MACHADO";1056;;"2022";954;782;1163;"30%-40%";;;;;
15564000;-10,832;-62,893;133;"JARUARU";2026-02-21 11:00:00;2026-02-21 10:00:00;2026-02-21 09:00:00;183;-212;-215;-206;-25;0;0;"JARU";;;"2014";211;109;2541;"30%-40%";;;;;
15580000;-8,932;-62,056;60200;"Tabajara";2026-02-21 10:45:00;2026-02-21 09:45:00;2026-02-21 08:45:00;964;9;87;45;-26;0;33;"MACHADO";1174;;"2019";958;684;1174;"50%-60%";;;;;
15627000;-8,18;-63,091;1020424;"UHE_PAPAGAIO";2026-01-08 14:45:00;2026-01-08 13:45:00;2026-01-08 12:45:00;4912;-6;106;271;355;0;0;"MADEIRA";;;;;;;;;;;;
15627300;-8,193;-63,133;1400000;"ESPÍRITO SANTO";2025-03-31 16:00:00;2025-03-31 15:00:00;2025-03-31 14:00:00;1899;3;11;39;87;0;0;"MADEIRA";;;;;;;;;;;;
15627400;-8,081;-62,878;1400000;"CALAMA";2025-11-16 09:00:00;2025-11-16 08:00:00;2025-11-16 07:00:00;683;-24;;-16;-35;0;0;"MADEIRA";;;;;;;;;;;;
15630000;-7,503;-63,018;1090000;"HUMAITÁ";2026-02-21 10:30:00;2026-02-21 09:30:00;2026-02-21 08:30:00;2099;4;-5;-79;-23;19;29;"MADEIRA";2195;;"2014";2137,5;1799;2379;"30%-40%";;;;;
15700000;-5,817;-61,302;1150000;"MANICORÉ";2025-12-06 09:45:00;2025-12-06 08:45:00;2025-12-06 07:45:00;1792;;;;;0;0;"MADEIRA";;;;;;;;;;;;
15860000;-4,897;-60,025;1310000;"FAZENDA VISTA ALEGRE";2025-12-07 09:45:00;2025-12-07 08:45:00;2025-12-07 07:45:00;1396;;;166;195;0;0;"MADEIRA";1977;;"1989";1943;1667;2089;"Mínima-0%";;;;;
15960000;-3,547;-58,924;1376282;"URUCURITUBA";2026-02-19 17:00:00;2026-02-19 16:00:00;2026-02-19 15:00:00;1729;4;32;81;131;0;0;"MADEIRA";;;"2021";1740;1338;1842;"22%-33%";;;;;
16030000;-3,154;-58,411;4350000;"Itacoatiara";2026-02-21 11:00:00;2026-02-21 10:00:00;2026-02-21 09:00:00;1074;9;41;84;135;13,2;30,4;"AMAZONAS";;;;;;;;;;;;
17050001;-1,919;-55,513;4670000;"Obidos";2026-02-21 10:30:00;2026-02-21 09:30:00;2026-02-21 08:30:00;536;4;32;56;98;4,8;40,6;"AMAZONAS";513;;"2009";515,5;270;625;"60%-70%";;;;;
17122001;-10,823;-57,727;14334;"JURUA";2026-01-05 05:45:00;2026-01-05 04:45:00;2026-01-05 03:45:00;109;-38;-82;-192;-190;0;0;"DOS PEIXES";;;;;;;;;;;;
17130000;-7,731;-58,281;182000;"Foz do Juruena";2025-12-03 19:00:00;2025-12-03 18:00:00;2025-12-03 17:00:00;503;8;43;30;75;0;0;"JURUENA";;;"2014";850;618;1049;"Mínima-0%";;;;;
17277000;-12,31;-55,568;1792;"FAZENDA CERON";2026-02-21 10:30:00;2026-02-21 09:30:00;2026-02-21 08:30:00;545;16;48;100;121;2,2;8,4;"CELESTE";;;;;;;;;;;;
17384000;-9,351;-56,781;90704;"UHE TELES PIRES BARRAMENTO";2026-02-21 07:00:00;2026-02-21 06:00:00;2026-02-21 05:00:00;26679;-3;0;12;-5;0;1,6;"TELES PIRES";;;;;;;;;;;;
17410100;-8,859;-57,419;132797;"UHE SÃO MANOEL JUSANTE 2";2026-02-21 11:00:00;2026-02-21 10:00:00;2026-02-21 09:00:00;864;1;35;88;116;0,75;4,25;"TELES PIRES";;;"2020";750,5;693;874;"75%-100%";;;;;
17420000;-7,615;-57,95;138000;"Três Marias";2025-12-04 16:15:00;2025-12-04 15:15:00;2025-12-04 14:15:00;314;6;45;54;81;0;0;"TELES PIRES";;;"2014";983,5;527;1212;"Mínima-0%";;;;;
17430000;-7,34;-58,155;333000;"BARRA DO SÃO MANUEL";2026-01-25 16:45:00;2026-01-25 15:45:00;2026-01-25 14:45:00;539;4;24;28;28;0;0;"TAPAJÓS";783;;"2004";836;544;1107;"Mínima-0%";;;;;
17680000;-5,456;-55,87;40200;"JAMANXIM";2025-10-14 17:00:00;2025-10-14 16:00:00;2025-10-14 15:00:00;386;7;21;;;0;0;"JAMANXIM";922;;"2006";834,5;471;1032;"Mínima-0%";;;;;
17730000;-4,276;-55,982;458000;"Itaituba";2026-02-21 10:30:00;2026-02-21 09:30:00;2026-02-21 08:30:00;713;10;52;94;104;14,2;20,8;"TAPAJOS";758;;"2014";699,5;411;873;"60%-70%";;;;;
17900000;-2,414;-54,738;493000;"Santarem";2026-02-21 10:30:00;2026-02-21 09:30:00;2026-02-21 08:30:00;530;8;39;54;96;8,4;36,8;"AMAZONAS";;;"2009";459;244;611;"70%-80%";;;;;
18390000;-1,533;-52,577;5460000;"Almeirim";2026-02-21 10:30:00;2026-02-21 09:30:00;2026-02-21 08:30:00;484;-3;64;59;70;0;0,6;"AMAZONAS";;;"2022";452,5;342;480;"100%-Máxima";;;;;
18421600;-11,472;-54,994;3728;"PONTE MT 423 AZUL";2025-08-03 19:45:00;2025-08-03 18:45:00;2025-08-03 17:45:00;324;-1;-11;-23;-38;0;0;"AZUL";;;;;;;;;;;;
18460000;-6,736;-51,995;210000;"BOA SORTE";2026-02-21 10:45:00;2026-02-21 09:45:00;2026-02-21 08:45:00;656;3;35;55;46;0;7;"XINGU";;;"2004";827;583;1035;"0%-10%";;;;;
18480000;-8,327;-51,46;6860;"FAZENDA RIO DOURADO";2026-02-21 11:00:00;2026-02-21 10:00:00;2026-02-21 09:00:00;472;8;44;26;12;0,8;22,6;"FRESCO";633;;"2021";639,5;428;829;"0%-11%";;;;;
18500000;-6,745;-51,774;42400;"Boa Esperança";2026-02-21 11:00:00;2026-02-21 10:00:00;2026-02-21 09:00:00;787;-8;-34;62;67;3,8;22,8;"FRESCO";1028;;"2014";949;554;1312;"10%-20%";;;;;
18600000;-5,697;-54,246;58700;"LARANJEIRAS";2026-02-21 11:00:00;2026-02-21 10:00:00;2026-02-21 09:00:00;674;2;5;59;39;20,4;24;"IRIRI";;;"1980";849;286;1113;"10%-20%";;;;;
18650000;-5,65;-54,521;35600;"CAJUEIRO";2026-02-21 11:00:00;2026-02-21 10:00:00;2026-02-21 09:00:00;466;9;72;83;22;14,2;20;"CURUÁ";;;"1980";626;314;864;"10%-20%";;;;;
18700000;-4,528;-54,013;122000;"Pedra do Ó";2026-02-21 10:30:00;2026-02-21 09:30:00;2026-02-21 08:30:00;687;1;24;51;34;0;2,6;"IRIRI";;;"1980";831;478;1015;"0%-10%";;;;;
18850000;-3,215;-52,212;448000;"ALTAMIRA";2026-02-21 10:30:00;2026-02-21 09:30:00;2026-02-21 08:30:00;598;-27;25;39;33;16,4;31,2;"XINGU";734;;"1980";585;344;812;"50%-60%";;;;;
18936000;-2,882;-52,011;714;"VITÓRIA DO XINGU";2025-12-24 18:00:00;2025-12-24 17:00:00;2025-12-24 16:00:00;156;-17;25;10;34;0;0;"TUCURUI";353;;"2022";280;236;371;"Mínima-0%";;;;;
18938001;-2,622;-51,954;486000;"SOUZEL";2026-02-21 11:15:00;2026-02-21 10:15:00;2026-02-21 09:15:00;383;5;34;32;33;12,6;50,8;"XINGU";415;;"2021";375;356;415;"40%-60%";;;;;
18950003;-1,753;-52,24;509000;"PORTO DE MOZ";2026-02-21 10:30:00;2026-02-21 09:30:00;2026-02-21 08:30:00;337;3;59;38;64;6,4;14,8;"XINGU";327;;"2009";319,5;194;374;"70%-80%";;;;;
19500000;0,022;-51,05;5930000;"MACAPÁ";2026-02-17 05:30:00;2026-02-17 04:30:00;2026-02-17 03:30:00;388;43;208;-45;228;0;0;"SOLIMÕES";;;"2007";337,5;190;440;"60%-70%";;;;;
19985000;-3,851;-50,64;2682;"PACAJÁS";2026-02-21 10:30:00;2026-02-21 09:30:00;2026-02-21 08:30:00;834;-20;301;362;346;4,4;15,4;"PACAJÁS";594;;"2006";695;415;931;"80%-90%";;;;;
20001050;-15,523;-47,816;;"SONHEM";2025-12-31 23:45:00;2025-12-31 22:45:00;2025-12-31 21:45:00;76;-5;0;-2;1;0;0;"SONHEM";;;"2015";125,5;110;138;"Mínima-0%";;;;;
21210000;-15,322;-47,382;533;"FAZENDA ESPÍRITO SANTO";2025-12-18 20:30:00;2025-12-18 19:30:00;2025-12-18 18:30:00;176;;33;;;0;0;"PARANÃ";140;;"2022";152;130;198;"90%-100%";;;;;
21500000;-13,763;-46,838;22600;"Nova Roma";2026-02-21 10:45:00;2026-02-21 09:45:00;2026-02-21 08:45:00;99;15;-15;-24;-7;38,6;52,4;"PARANÃ";124;;"1990";164,5;78;768;"0%-10%";;;;;
22050001;-12,023;-48,533;128000;"Peixe";2026-02-21 10:45:00;2026-02-21 09:45:00;2026-02-21 08:45:00;388;-1;87;82;-3;18,2;21;"TOCANTINS";212;;"1980";383,5;165;1445;"40%-50%";;;;;
22100000;-12,392;-48,712;8720;"Colonha";2026-02-21 10:45:00;2026-02-21 09:45:00;2026-02-21 08:45:00;270;-5;-15;-68;-5;0,4;35;"SANTA TEREZA";404;;"1980";457;233;1036;"0%-10%";;550;600;700;"Normal"
22250000;-11,533;-48,289;14500;"Fazenda Lobeira";2026-02-21 10:45:00;2026-02-21 09:45:00;2026-02-21 08:45:00;172;49;26;21;50;12;43,4;"MANUEL ALVES";117;;"1980";220;58;713;"20%-30%";;;;;
22900000;-9,307;-47,929;44100;"Porto Real";2025-12-08 06:45:00;2025-12-08 05:45:00;2025-12-08 04:45:00;128;-5;8;2;100;0;0;"DO SONO";;;"1980";361;92;1425;"0%-10%";;;;;
23100000;-8,392;-48,111;242000;"Tupiratins";2026-02-21 10:30:00;2026-02-21 09:30:00;2026-02-21 08:30:00;410;21;44;29;130;0,2;48,4;"TOCANTINS";384;;"1980";607;298;1822;"20%-30%";;;;;
23700000;-5,789;-47,469;297000;"Descarreto";2026-02-21 10:15:00;2026-02-21 09:15:00;2026-02-21 08:15:00;229;7;11;42;47;0;86;"TOCANTINS";176;;"1980";255,5;139;587;"30%-40%";;;;;
24653000;-15,902;-52,277;13353;"DAS GARÇAS";2026-01-24 06:15:00;2026-01-24 05:15:00;2026-01-24 04:15:00;242;-86;126;137;;0;0;"DAS GARÇAS";;;;;;;;;;;;
24700000;-15,891;-52,228;36800;"Barra do Garças";2026-02-21 10:30:00;2026-02-21 09:30:00;2026-02-21 08:30:00;276;-22;-225;-139;25;0;1,6;"ARAGUAIA";243;;"1977";372;89;686;"20%-30%";;;;;
24850000;-15,738;-51,828;50100;"Araguaiana";2026-02-21 11:15:00;2026-02-21 10:15:00;2026-02-21 09:15:00;373;1;-233;-102;79;0;0;"ARAGUAIA";330;;"1977";434;210;803;"20%-30%";;;;;
24950000;-15,94;-51,358;10100;"MONTES CLAROS DE GOIÁS";2026-02-21 11:15:00;2026-02-21 10:15:00;2026-02-21 09:15:00;434;88;-43;60;78;18,8;18,8;"CLARO";328;;"1977";418;319;741;"50%-60%";;;;;
25090000;-15,915;-50,128;103;"FAZENDA PACIÊNCIA";2026-02-21 11:15:00;2026-02-21 10:15:00;2026-02-21 09:15:00;67;-8;11;9;12;7,8;35,4;"VERMELHO";46;;"2004";58;37;171;"56%-67%";;;;;
25200000;-14,913;-51,081;76300;"Aruanã";2026-02-21 11:00:00;2026-02-21 10:00:00;2026-02-21 09:00:00;453;-23;-90;26;120;0;0;"ARAGUAIA";405;;"1993";477,5;195;945;"40%-50%";;;;;
25700000;-13,69;-50,8;92300;"Bandeirantes";2026-02-21 11:00:00;2026-02-21 10:00:00;2026-02-21 09:00:00;761;6;71;150;159;0;31,2;"ARAGUAIA";688;;"1983";773;498;1012;"40%-50%";;;;;
26033900;-15,305;-54,186;5369;"ÁGUAS CLARAS";2025-12-03 09:45:00;2025-12-03 08:45:00;2025-12-03 07:45:00;582,3;-0,400000000000091;5,39999999999998;-3,5;0,699999999999932;0;0;"DAS MORTES";;;;;;;;;;;;
26100000;-14,673;-52,355;25300;"XAVANTINA";2026-02-21 10:15:00;2026-02-21 09:15:00;2026-02-21 08:15:00;174;1;-35;0;36;7,6;46,2;"DAS MORTES";180;;"1980";216;94;720;"30%-40%";;;;;
26350000;-11,618;-50,663;194000;"São Félix do Araguaia";2026-02-21 10:15:00;2026-02-21 09:15:00;2026-02-21 08:15:00;639;;54;75;;40,8;56,6;"ARAGUAIA";822;;"1991";718,5;502;930;"20%-30%";;;;;
27320000;-8,803;-49,555;319000;"Araguacema";2026-02-21 10:30:00;2026-02-21 09:30:00;2026-02-21 08:30:00;536;6;37;84;128;54,4;82,2;"ARAGUAIA";804;;"1980";731;490;952;"0%-10%";;;;;
27500000;-8,269;-49,259;332000;"Conceição do Araguaia";2025-12-24 17:45:00;2025-12-24 16:45:00;2025-12-24 15:45:00;277;5;40;36;64;0;0;"ARAGUAIA";696;;"1980";690,5;315;958;"Mínima-0%";;;;;
28300000;-6,41;-48,542;377000;"Xambioá";2026-02-21 10:15:00;2026-02-21 09:15:00;2026-02-21 08:15:00;428;0;19;61;64;0;2,6;"ARAGUAIA";614;;"1980";566,5;346;747;"0%-10%";;;;;
28850000;-5,651;-48,133;388000;"Araguatins";2026-02-21 10:30:00;2026-02-21 09:30:00;2026-02-21 08:30:00;559;-1;58;114;109;0;22,4;"ARAGUAIA";865;;"1980";787;517;1045;"0%-10%";;;;;
29050000;-5,339;-49,124;703000;"Marabá";2026-02-21 10:15:00;2026-02-21 09:15:00;2026-02-21 08:15:00;653;7;101;150;167;0,4;38;"TOCANTINS";953;;"1980";916,5;595;1411;"0%-10%";;;;;
29200000;-5,128;-49,324;746000;"Itupiranga";2026-02-14 08:15:00;2026-02-14 07:15:00;2026-02-14 06:15:00;736;40;58;61;72;0;0;"TOCANTINS";1155;;"1980";1071,5;623;1559;"0%-10%";;;;;
30080000;0,986;-51,706;10600;"Capivara";2026-02-21 10:30:00;2026-02-21 09:30:00;2026-02-21 08:30:00;546;-1;-76;22;108;13,8;23,8;"ARAGUARI";;;"2019";569;360;799;"50%-60%";;;;;
30300000;0,901;-52,016;10800;"Serra do Navio";2026-02-21 10:30:00;2026-02-21 09:30:00;2026-02-21 08:30:00;568;13;-19;58;83;33,4;50,4;"AMAPARI";703;;"2011";560;420;794;"40%-50%";;;;;
33530000;-5,337;-43,884;27300;"Montevidéu";2026-02-21 10:45:00;2026-02-21 09:45:00;2026-02-21 08:45:00;171;0;2;21;-1;15,6;55,8;"ITAPECURU";220;;"2022";241;139;466;"0%-10%";;350;370;400;"Normal"
33590000;-4,458;-43,875;37200;"Codó";2026-02-21 10:45:00;2026-02-21 09:45:00;2026-02-21 08:45:00;208;-55;32;134;49;0;82,8;"ITAPECURU";189;;"1986";244;76;736;"30%-40%";;;;;
33690000;-3,37;-44,345;;"Itapecuru-Mirim";;;;;;;;;;;"ITAPECURU";;;;;;;;;;;;
34020000;-9,113;-45,926;12900;"ALTO PARNAÍBA";2025-12-04 17:00:00;2025-12-04 16:00:00;2025-12-04 15:00:00;346;-16;-29;-6;38;0;0;"PARNAÍBA";354;;"1980";411;343;877;"0%-10%";;;;;
34040500;-8,271;-45,668;25500;"FAZENDA PARACATI II";2026-02-21 10:45:00;2026-02-21 09:45:00;2026-02-21 08:45:00;221;2;15;1;72;9,2;41,2;"PARNAÍBA";188;;"2002";240;159;429;"30%-40%";;;;;
34060000;-7,567;-45,254;31300;"Ribeiro Gonçalves";2026-02-21 10:45:00;2026-02-21 09:45:00;2026-02-21 08:45:00;352;-8;2;19;64;1,6;7;"PARNAÍBA";315;;"1979";354,5;292;665;"40%-50%";;;;;
34070000;-7,381;-44,827;35300;"SÍTIO DO VELHO";2026-02-21 10:45:00;2026-02-21 09:45:00;2026-02-21 08:45:00;278;7;-7;11;55;0;23,6;"PARNAÍBA";259;;"2002";279;225;432;"50%-60%";;;;;
34080000;-8,673;-44,886;4820;"FORMOSA DO URUÇUÍ PRETO";2026-02-21 10:45:00;2026-02-21 09:45:00;2026-02-21 08:45:00;268;-2;-9;9;25;3,2;29,6;"URUÇUÍ PRETO";249;;"2021";268;204;315;"44%-56%";;;;;
34090000;-7,391;-44,614;15600;"FAZENDA BANDEIRA";2026-02-21 10:45:00;2026-02-21 09:45:00;2026-02-21 08:45:00;387;-11;-22;13;21;0;34;"URUÇUÍ PRETO";354;;"2002";383;339;556;"50%-60%";;;;;
34130000;-7,534;-46,036;9040;"BALSAS";2026-02-21 10:45:00;2026-02-21 09:45:00;2026-02-21 08:45:00;312;-2;4;5;24;14,8;22,2;"DAS BALSAS";325;;"2016";332;279;606;"10%-20%";;;;;
34170000;-7,082;-44,814;24700;"SÃO FÉLIX DE BALSAS";2026-02-21 11:00:00;2026-02-21 10:00:00;2026-02-21 09:00:00;204;-13;-35;-66;41;14;36;"DAS BALSAS";227;;"1985";247;133;560;"20%-30%";;;;;
34233000;-9,54;-44,601;22700;"REDENÇÃO DO GURGUÉIA";2025-11-30 17:00:00;2025-11-30 16:00:00;2025-11-30 15:00:00;210;-21;;57;42;0;0;"GURGUÉIA";236;;"2025";198;157;393;"50%-62%";;;;;
34251000;-8,793;-44,206;31000;"CRISTINO CASTRO II";2025-12-25 09:45:00;2025-12-25 08:45:00;2025-12-25 07:45:00;246;1;-71;-49;-24;0;0;"GURGUÉIA";435;;"1980";320;115;673;"30%-40%";;;;;
34270000;-7,248;-43,643;47000;"Barra do Lance";2026-02-21 10:45:00;2026-02-21 09:45:00;2026-02-21 08:45:00;158;1;-23;3;22;0;46,8;"GURGUÉIA";166;;"1980";194;130;486;"20%-30%";;;;;
34311000;-6,761;-43,028;140000;"Barão de Grajaú";2026-02-21 11:00:00;2026-02-21 10:00:00;2026-02-21 09:00:00;339;-36;-15;-36;28;19;22;"PARNAÍBA";299;;"1985";415;237;713;"20%-30%";;;;;
34340000;-6,814;-42,967;9910;"PONTE DA ITAUEIRA";2026-02-21 10:45:00;2026-02-21 09:45:00;2026-02-21 08:45:00;216;-2;-9;-2;2;2,8;19,2;"ITAUEIRA";217;;"2020";230;208;298;"0%-10%";;;;;
34471000;-7,189;-41,77;17700;"SANTA CRUZ DO PIAUÍ II";2026-02-21 11:00:00;2026-02-21 10:00:00;2026-02-21 09:00:00;120;-7;-2;-11;22;0,6;13,8;"ITAIM";114;;"2004";156;112;540;"10%-20%";;;;;
34479000;-6,986;-42,088;28800;"FAZENDA TALHADA II";2026-02-21 10:45:00;2026-02-21 09:45:00;2026-02-21 08:45:00;184;-8;2;4;13;1,6;38,2;"CANINDÉ";188;;"2024";231;188;440;"Mínima-0%";;;;;
34564000;-8,355;-42,245;15600;"São João do Piauí";2026-02-21 10:15:00;2026-02-21 09:15:00;2026-02-21 08:15:00;132;;4;2;;14,2;18,2;"PIAUÍ";;;;;;;;;;;;
34600000;-6,622;-42,697;73700;"Francisco Ayres";2026-02-21 10:45:00;2026-02-21 09:45:00;2026-02-21 08:45:00;229;10;-23;3;27;10;19;"CANINDÉ";181;;"2004";201,5;37;490;"50%-60%";;;;;
34660000;-5,572;-43,024;235000;"Fazenda Veneza";2026-02-21 10:45:00;2026-02-21 09:45:00;2026-02-21 08:45:00;275;-1;40;8;53;0;29,6;"PARNAÍBA";208;;"1985";288;172;489;"40%-50%";;;;;
34690000;-5,135;-42,811;237000;"Teresina";2026-02-21 10:45:00;2026-02-21 09:45:00;2026-02-21 08:45:00;298;9;25;31;44;0;15,6;"POTI";235;;"1985";343,5;41;531;"20%-30%";;;;;
34742000;-5,059;-41,157;11400;"Bebedouro";2026-02-15 07:00:00;2026-02-15 06:00:00;2026-02-15 05:00:00;163;;0;-1;27;0;0;"POTI";171;;"2020";171;148;230;"38%-50%";;;;;
34750000;-5,223;-41,738;19200;"Fazenda Boa Esperança";2026-02-21 07:45:00;2026-02-21 06:45:00;2026-02-21 05:45:00;260;-40;88;204;204;0;22,8;"POTI";173;;"2004";174,5;45;470;"80%-90%";;;;;
34770000;-5,666;-42,214;43400;"Prata do Piauí";2026-02-21 11:15:00;2026-02-21 10:15:00;2026-02-21 09:15:00;177;6;66;128;112;8,6;16,4;"POTI";81;;"2009";170;36;647;"50%-60%";;;;;
34789000;-5,2;-42,696;51400;"Fazenda Cantinho II";2025-12-01 23:30:00;2025-12-01 22:30:00;2025-12-01 21:30:00;70;0;0;;-13;0;0;"POTI";175;;"2019";242;71;546;"Mínima-0%";;;;;
34790000;-5,2;-42,717;51400;"Fazenda Cantinho";;;;;;;;;;;"PARNAÍBA";;;;;;;;;;;;
34820000;-4,288;-42,986;294000;"Coelho Neto";2026-02-21 10:45:00;2026-02-21 09:45:00;2026-02-21 08:45:00;379;5;38;54;47;0;38,2;"PARNAÍBA";299;;"2009";387;275;660;"20%-30%";;;;;
34879500;-3,454;-42,37;298000;"Luzilândia";2026-02-21 10:30:00;2026-02-21 09:30:00;2026-02-21 08:30:00;299;29;45;108;65;0;5,6;"PARNAÍBA";230;;"1985";280;170;615;"50%-60%";;;;;
34930000;-4,41;-42,181;4910;"Fazenda Alegria";2026-02-21 10:45:00;2026-02-21 09:45:00;2026-02-21 08:45:00;233;-23;-37;104;69;0;30;"LONGÁ";208;;"2008";213;120;555;"50%-60%";;;;;
34933000;-4,393;-42,407;1760;"PEDRA BRANCA";2025-11-02 13:00:00;2025-11-02 12:00:00;2025-11-02 11:00:00;64;;1;-6;-13;0;0;"MARATÃ";307;;"2020";318;98;464;"Mínima-0%";;;;;
34936000;-4,238;-42,305;2900;"Pedrinhas";2026-02-21 10:45:00;2026-02-21 09:45:00;2026-02-21 08:45:00;341;-5;4;144;155;0;0,4;"MARATÃ";344;;"2020";353;124;375;"33%-44%";;;;;
34940000;-3,903;-42,23;11200;"Esperantina";2026-02-21 10:45:00;2026-02-21 09:45:00;2026-02-21 08:45:00;446;-42;15;88;230;2,2;35,2;"LONGÁ";378;;"2008";425;164;757;"60%-70%";;;;;
34976000;-3,937;-41,717;5190;"PIRACURUCA";2026-02-21 10:45:00;2026-02-21 09:45:00;2026-02-21 08:45:00;236;-1;0;0;1;0;24,4;"PIRACURUCA";236;;"2009";236;217;360;"33%-44%";;;;;
34980000;-3,724;-41,974;21800;"TINGUIS";2026-02-21 10:45:00;2026-02-21 09:45:00;2026-02-21 08:45:00;271;-27;10;92;105;0;67,8;"LONGÁ";220;;"2009";162;25;506;"90%-100%";;;;;
36320000;-5,9;-38,633;39600;"Jaguaribe";2026-02-21 10:45:00;2026-02-21 09:45:00;2026-02-21 08:45:00;375;-35;125;193;186;0;80;"JAGUARIBE";195;;"1985";241;180;639;"90%-100%";;;;;
39100000;-7,962;-36,202;1560;"Capibaribe";2026-02-21 11:15:00;2026-02-21 10:15:00;2026-02-21 09:15:00;122;-3;-2;-5;-6;0;0;"CAPIBARIBE";125;;"2020";118,5;97;156;"50%-60%";;;;;
39575000;-8,883;-36,219;808;"CANHOTINHO";2026-02-21 10:45:00;2026-02-21 09:45:00;2026-02-21 08:45:00;126;-2;-2;8;6;0;0;"CANHOTO";141;;"2022";129;102;158;"30%-40%";;;;;
39689000;-9,124;-36,339;479;"CORRENTES II";;;;;;;;;;;"MUNDAU";;;;;;;;;;;;
39700000;-9,168;-36,218;767;"SANTANA DO MUNDAU";2026-02-21 11:15:00;2026-02-21 10:15:00;2026-02-21 09:15:00;194;-6;-4;3;1;0;0,6;"MUNDAU";197;;"2022";210;166;314;"0%-10%";;;;;
39715000;-9,002;-36,326;128;"PALMERINA";2025-12-02 09:15:00;2025-12-02 08:15:00;2025-12-02 07:15:00;50;2;7;12;15;0;0;"PALMERINA";25;;"2022";44;25;75;"71%-86%";;;;;
39720000;-9,004;-36,051;1170;"SÃO JOSE DA LAJE";2026-02-21 11:15:00;2026-02-21 10:15:00;2026-02-21 09:15:00;181;-1;-2;1;2;0;0,4;"CANHOTO";180;;"2000";170;154;248;"70%-80%";;;;;
39740000;-9,154;-36,036;2900;"UNIAO DOS PALMARES";2026-02-21 09:00:00;2026-02-21 08:00:00;2026-02-21 07:00:00;126;-4;-12;-2;6;0;0;"MUNDAU";134;;"2022";142;68;273;"20%-30%";;;;;
39760000;-9,314;-35,95;3290;"MURICI PONTE";2026-02-21 11:00:00;2026-02-21 10:00:00;2026-02-21 09:00:00;151;-2;-6;8;4;0;0,2;"MUNDAU";156;;"2022";86;36;244;"90%-100%";;;;;
41340000;-19,56;-43,911;4860;"Ponte Raul Soares";2026-02-21 11:00:00;2026-02-21 10:00:00;2026-02-21 09:00:00;141;9;6;-36;-27;3,6;10,4;"DAS VELHAS";88;;"2022";167;36;358;"20%-30%";;750;800;850;"Normal"
41350000;-19,543;-43,903;;"Pirapora";;;;;;;;;;;"SÃO FRANCISCO";;;;;;;;;;;;
41410000;-19,231;-44,025;7080;"Jequitibá";2026-02-21 11:00:00;2026-02-21 10:00:00;2026-02-21 09:00:00;174;-79;-18;-63;-75;0;1;"DAS VELHAS";112;;"2022";187;75;535;"50%-60%";;800;1000;1180;"Normal"
41650002;-18,673;-44,194;10700;"Ponto do Licínio";2026-02-21 11:00:00;2026-02-21 10:00:00;2026-02-21 09:00:00;234;;;;;0;2,2;"DAS VELHAS";163;;"2022";233;156;701;"50%-60%";;810;860;910;"Normal"
41780002;-18,645;-44,051;3980;"Presidente Juscelino";2026-02-21 11:15:00;2026-02-21 10:15:00;2026-02-21 09:15:00;134;36;14;-19;-20;1,8;9,4;"PARAUNA";72;;"2020";96;58;322;"60%-70%";;;;;
41818000;-18,306;-44,226;16600;"Santo Hipólito";2026-02-21 10:45:00;2026-02-21 09:45:00;2026-02-21 08:45:00;197;15;-95;-156;-12;0;0;"DAS VELHAS";129;;"2020";209;76;756;"40%-50%";;540;640;745;"Normal"
42449000;-15,958;-47,375;1060;"UHE QUEIMADO MONTANTE";2026-02-21 10:00:00;2026-02-21 09:00:00;2026-02-21 08:00:00;224;12;13;-11;12;37;64;"PRETO";;;"2005";213;177;251;"60%-70%";;;;;
42450300;-15,641;-47,357;163;"RIBEIRÃO JACARÉ";2026-02-21 10:30:00;2026-02-21 09:30:00;2026-02-21 08:30:00;109;5;26;14;33;0;0,4;"CÓRREGO BURITI GRANDE";108;;"2006";145;108;187;"0%-10%";;;;;
42450900;-15,974;-47,399;;"RIBEIRÃO JARDIM DF-100";2026-02-21 11:15:00;2026-02-21 10:15:00;2026-02-21 09:15:00;337;36;22;28;81;39,6;81,4;"RIBEIRÃO JARDIM";;;"2022";259;235;292;"100%-Máxima";;;;;
44200000;-15,949;-44,868;184000;"São Francisco";2026-02-21 11:15:00;2026-02-21 10:15:00;2026-02-21 09:15:00;423;13;-265;-298;-247;4,6;5;"SÃO FRANCISCO";301;;"1992";474;219;1085;"30%-40%";;600;640;750;"Normal"
44290002;-15,601;-44,397;194000;"Pedras de Maria da Cruz";;;;;;;;;;;"SÃO FRANCISCO";;;;;;;;;;;;
44500000;-14,757;-43,932;202000;"Manga";;;;;;;;;;;"SÃO FRANCISCO";;;;;;;;;850;900;950;
45298000;-14,304;-43,763;254000;"Carinhanha";2026-02-21 10:30:00;2026-02-21 09:30:00;2026-02-21 08:30:00;388;-46;-168;-152;-217;21,4;53,2;"SÃO FRANCISCO";239;;"1979";420;157;1026;"40%-50%";;860;930;1000;"Normal"
45480000;-13,257;-43,435;271000;"Bom Jesus da Lapa";2026-02-21 10:30:00;2026-02-21 09:30:00;2026-02-21 08:30:00;632;-36;-81;-54;-92;1,8;2,2;"SÃO FRANCISCO";435;;"1979";582;333;1217;"50%-60%";;850;900;950;"Normal"
45960001;-13,291;-43,909;31000;"Porto Novo";2026-02-21 11:00:00;2026-02-21 10:00:00;2026-02-21 09:00:00;112;8;-22;-23;0;0;0;"CORRENTE";82;;"2016";176;82;589;"10%-20%";;500;550;600;"Normal"
46675000;-11,611;-44,157;39600;"Fazenda Macambira";2024-11-28 10:00:00;2024-11-28 09:00:00;2024-11-28 08:00:00;221;4;18;57;70;0;0;"GRANDE";;;"2021";259;167;425;"20%-30%";;;;;
46902000;-11,345;-43,826;65900;"Boqueirão";2026-02-21 11:15:00;2026-02-21 10:15:00;2026-02-21 09:15:00;149;-1;7;21;21;0,2;0,4;"GRANDE";130;;"1980";175;93;540;"30%-40%";;400;425;450;"Normal"
46998000;-11,093;-43,14;425000;"Barra";2026-02-21 10:30:00;2026-02-21 09:30:00;2026-02-21 08:30:00;575;-6;3;-1;155;43,4;111,4;"SÃO FRANCISCO";384;;"1926";400;139;745;"88%-100%";;720;760;800;"Normal"
50520000;-11,06;-38,837;26100;"Ponte Euclides da Cunha";2026-02-21 10:30:00;2026-02-21 09:30:00;2026-02-21 08:30:00;83;2;0;-1;-8;15,4;15,4;"ITAPICURU";116;;"1969";61;4;637;"60%-70%";;;;;
51240000;-12,986;-40,958;16500;"Itaeté";2026-02-21 11:15:00;2026-02-21 10:15:00;2026-02-21 09:15:00;486;16;8;25;-14;34,2;42,2;"PARAGUAÇU";439;;"1978";532;382;928;"30%-40%";;;;;
53460500;-15,669;-42,453;2870;"Passagem das Éguas";2026-02-21 10:30:00;2026-02-21 09:30:00;2026-02-21 08:30:00;314;;;-54;;0;27;"PARDO";295;;"2021";282;250;562;"67%-78%";;;;;
56110000;-20,417;-42,9;6210;"Ponte Nova";;;;;;;;;;;"PIRANGA";;;;;;;;;;;;
56110005;-20,384;-42,903;6230;"Ponte Nova";2026-02-21 11:00:00;2026-02-21 10:00:00;2026-02-21 09:00:00;135;-5;-24;-87;-2;0;0;"DOCE";124;;"2012";156;86;385;"20%-30%";;;;;
56610000;-19,932;-43,173;1163;"Piracicaba";2026-02-21 11:00:00;2026-02-21 10:00:00;2026-02-21 09:00:00;98;9;2;-9;-53;15,2;19,8;"DOCE";87;;"2022";135;6;319;"20%-30%";;;;;
56660000;-19,767;-43,033;3060;"Nova Era";;;;;;;;;;;"PIRACICABA";;;;;;;;;;;;
56661000;-19,767;-43,026;3060;"Nova Era";2026-02-21 11:15:00;2026-02-21 10:15:00;2026-02-21 09:15:00;104;28;7;-6;-1;0;33,8;"DOCE";56;;"2022";101;51;289;"50%-60%";;;;;
56696000;-19,525;-42,641;5270;"Má De Carvalho";2026-02-21 11:30:00;2026-02-21 10:30:00;2026-02-21 09:30:00;145;5;-24;-28;-40;0;22;"DOCE";;;"2022";165;36;450;"40%-50%";;;;;
56825000;-19,188;-42,423;10200;"Naque Velho";2026-02-21 11:15:00;2026-02-21 10:15:00;2026-02-21 09:15:00;267;-1;-60;-38;-11;0;1,2;"DOCE";253;;"2016";278;180;531;"40%-50%";;;;;
56850000;-18,883;-41,951;40500;"Governador Valadares";2026-02-21 11:15:00;2026-02-21 10:15:00;2026-02-21 09:15:00;172;-1;-58;;;0;0;"DOCE";151;;"1997";208;116;395;"30%-40%";;300;320;360;"Normal"
56994500;-19,533;-40,63;76400;"Colatina";2026-02-21 11:15:00;2026-02-21 10:15:00;2026-02-21 09:15:00;176;-9;-85;;;0;0;"DOCE";151;;"2013";178,5;28;606;"40%-50%";;460;530;580;"Normal"
56998200;-19,415;-40,076;82100;"Linhares";;;;;;;;;;;"DOCE";;;;;;;;;;;;
58770000;-21,389;-42,696;5880;"Cataguases";2026-02-21 11:00:00;2026-02-21 10:00:00;2026-02-21 09:00:00;163;-8;-32;-84;-7;6,6;23;"POMBA";133;;"1979";152;76;460;"50%-60%";;;;;
58790002;-21,542;-42,181;8210;"Santo Antônio de Pádua II";2026-02-21 11:30:00;2026-02-21 10:30:00;2026-02-21 09:30:00;169;39;-5;-75;48;0;0;"POMBA";107;;"2012";146;58;325;"50%-60%";;;;;
58792100;-21,621;-42,1;8530;"Aperibé";2026-01-03 17:45:00;2026-01-03 16:45:00;2026-01-03 15:45:00;99;29;1;-77;50;0;0;"POMBA";98;;"2022";157;64;353;"50%-62%";;;;;
58940000;-21,208;-41,892;5800;"Itaperuna";2026-02-21 11:15:00;2026-02-21 10:15:00;2026-02-21 09:15:00;245;2;-24;-89;-18;8,2;11,4;"MURIAÉ";190;;"2008";224,5;157;458;"50%-60%";;;;;
58960000;-21,492;-41,614;7210;"Cardoso Moreira";2026-02-21 10:45:00;2026-02-21 09:45:00;2026-02-21 08:45:00;184;20;-95;-358;-43;0;465,2;"MURIAÉ";71;;"2008";192;29;727;"40%-50%";;300;500;750;"Normal"
58974000;-21,751;-41,324;55700;"Campos";2026-02-21 11:15:00;2026-02-21 10:15:00;2026-02-21 09:15:00;550;0;-125;-279;-33;0;0;"MURIAÉ";493;;"1966";750;493;1091;"0%-10%";;;;;
60435500;-15,778;-48,231;433;"DESCOBERTO - BARRAGEM";2026-02-21 10:30:00;2026-02-21 09:30:00;2026-02-21 08:30:00;103022;1;5;4;7;14,2;29,8;"DESCOBERTO";;;"1989";103015;102552;103034;"70%-80%";;;;;
60444035;-16,047;-48,082;45;"ALAGADO";2025-12-31 23:45:00;2025-12-31 22:45:00;2025-12-31 21:45:00;26;-1;3;-17;0;0;0;"ALAGADO";;;"2018";67;57;77;"Mínima-0%";;;;;
60472235;-15,614;-47,546;127;"PIPIRIPAU";2026-02-21 11:15:00;2026-02-21 10:15:00;2026-02-21 09:15:00;180;3;11;5;16;4,4;34,4;"PIPIRIPAU";170;;"2011";171;154;207;"78%-89%";;;;;
60474300;-15,727;-47,697;;"RIBEIRÃO SOBRADINHO";2025-12-31 23:45:00;2025-12-31 22:45:00;2025-12-31 21:45:00;29;-5;7;-17;-6;0;0;"RIBEIRÃO SOBRADINHO";;;"2020";64;54;72;"Mínima-0%";;;;;
60640000;-16,614;-49,28;1740;"MONTANTE DE GOIÂNIA";2026-02-21 11:00:00;2026-02-21 10:00:00;2026-02-21 09:00:00;352;76;39;-45;-95;23,8;49,6;"MEIA PONTE";254;;"2020";279;181;561;"70%-80%";;;;;
60680000;-18,349;-49,602;11500;"PONTE MEIA PONTE";2026-02-21 10:45:00;2026-02-21 09:45:00;2026-02-21 08:45:00;204;34;-12;-45;-118;8,6;76,6;"MEIA PONTE";223;;"2005";225;106;411;"20%-30%";;;;;
60765000;-17,732;-50,181;7890;"BARRA DO MONJOLO";2025-12-14 09:15:00;2025-12-14 08:15:00;2025-12-14 07:15:00;86;0;;;;0;0;"TURVO";272;;"1982";317;138;519;"Mínima-0%";;;;;
60798000;-17,968;-50,333;12800;"MAURILÂNDIA";2026-02-21 10:45:00;2026-02-21 09:45:00;2026-02-21 08:45:00;231;2;-40;-10;-14;0,4;7,2;"VERDE OU VERDÃO";229;;"1982";269;196;490;"10%-20%";;;;;
64444000;-25,076;-50,389;4580;"UHE GOV. JAYME CANET JUNIOR UVAIA MONTANTE";2026-02-21 11:00:00;2026-02-21 10:00:00;2026-02-21 09:00:00;90,9;15,5;22,7;-18,4;-12,5;57;93,8;"TIBAGI";;;"2013";204,5;37;517;"20%-30%";;;;;
64508500;-23,17;-50,788;1050;"PONTE PRETA";2026-02-21 11:15:00;2026-02-21 10:15:00;2026-02-21 09:15:00;98;0;-17;-5;-10;0;0,4;"CONGONHAS";;;;;;;;;;;;
64764000;-24,983;-52,283;1690;"GUAMPARÁ";2026-02-21 10:30:00;2026-02-21 09:30:00;2026-02-21 08:30:00;185;0;4;5;-7;0;0;"PIQUIRI";;;"2017";224;173;384;"10%-20%";;;;;
65010000;-25,519;-49,146;106;"FAZENDINHA";2026-02-21 11:00:00;2026-02-21 10:00:00;2026-02-21 09:00:00;92;-3;-63;-14;-7;1,6;5,8;"PEQUENO";;;"2022";145;68;243;"20%-30%";;;;;
65025000;-25,6;-49,513;2330;"GUAJUVIRA";2026-02-21 11:00:00;2026-02-21 10:00:00;2026-02-21 09:00:00;180;-25;-26;-132;-46;0;0;"IGUAÇU";;;"2014";223;57;357;"30%-40%";;;;;
65990550;-25,746;-53,841;969;"MUNIZ";2026-02-21 10:30:00;2026-02-21 09:30:00;2026-02-21 08:30:00;158;-2;-27;7;2;3,6;14,6;"SANTO ANTÔNIO";;;"1996";129;84;407;"80%-90%";;;;;
66010000;-15,076;-57,182;9250;"BARRA DO BUGRES";2026-02-21 10:30:00;2026-02-21 09:30:00;2026-02-21 08:30:00;184;-27;-148;-68;16;0,2;8,6;"PARAGUAI";279;;"1991";353;87;630;"0%-10%";;460;510;560;"Normal"
66070004;-16,076;-57,702;32400;"CÁCERES (DNPVN)";2026-02-21 11:00:00;2026-02-21 10:00:00;2026-02-21 09:00:00;327;2;28;60;83;0;0,6;"PARAGUAI";394;;"1982";425,5;184;608;"0%-10%";;480;530;630;"Normal"
66090000;-16,733;-57,749;47100;"DESCALVADOS";;;;;;;;;;;"PARAGUAI";;;;;;;;;;;;
66120000;-17,143;-57,359;64000;"PORTO CONCEICAO";2026-02-21 11:30:00;2026-02-21 10:30:00;2026-02-21 09:30:00;364;1;5;10;16;0;7,8;"PARAGUAI";417;;"1995";454;333;543;"0%-10%";;;;;
66125000;-17,641;-57,691;68900;"BELA VISTA DO NORTE";2026-02-21 11:15:00;2026-02-21 10:15:00;2026-02-21 09:15:00;323;0;2;11;19;0,8;0,8;"PARAGUAI";;;"1982";405,5;308;650;"0%-10%";;;;;
66260001;-15,616;-56,109;23500;"CUIABÁ";2025-04-30 07:00:00;2025-04-30 06:00:00;2025-04-30 05:00:00;332;19;-69;-21;56,5384615;0;0;"CUIABÁ";;;"1974";418,5;111;851;"10%-20%";;600;700;800;"Normal"
66260002;-15,583;-56,134;22800;"CUIABÁ";;;;;;;;;;;"CUIABÁ";;;;;;;;;;;;
66260006;-15,619;-56,1;23500;"CUIABÁ";2026-02-21 11:00:00;2026-02-21 10:00:00;2026-02-21 09:00:00;228;-8;-144;-115;-38;0;0;"CUIABÁ";;;;;;;;;;;;
66270000;-15,87;-56,076;25300;"SANTO ANTÔNIO DO LEVERGER";2025-12-07 20:45:00;2025-12-07 19:45:00;2025-12-07 18:45:00;288;4;;28;20;0;0;"CUIABÁ";478;;"1974";667,5;303;939;"Mínima-0%";;;;;
66280000;-16,193;-55,967;28900;"BARÃO DE MELGAÇO";2025-11-28 07:00:00;2025-11-28 06:00:00;2025-11-28 05:00:00;206;-2;4;6;4;0;0;"CUIABÁ";482;;"1992";599;259;726;"Mínima-0%";;;;;
66340000;-16,512;-56,376;36900;"PORTO CERCADO (Ex-Retiro BiguaÃ§al)";;;;;;;;;;;"CUIABÁ";;;;;;;;;;;;
66460000;-16,608;-55,206;23000;"ACIMA DO CÓRREGO GRANDE";2025-12-18 07:00:00;2025-12-18 06:00:00;2025-12-18 05:00:00;87;6;-10;23;31;0;0;"SÃO LOURENÇO";226;;"1997";331;95;446;"Mínima-0%";;;;;
66470000;-16,925;-56,224;24100;"SÃO JOSÉ DO BORIREU";2023-09-15 07:00:00;2023-09-15 06:00:00;2023-09-15 05:00:00;69;-4;-4;-1;-2;0;0;"SÃO LOURENÇO";;;;;;;;;;;;
66600000;-17,202;-56,009;23300;"SÃO JERÔNIMO";2026-02-21 10:45:00;2026-02-21 09:45:00;2026-02-21 08:45:00;262;4;15;20;20;4,2;7,8;"PIQUIRI";;;;;;;;;;;;
66650000;-17,292;-56,387;30000;"SÃO JOSÉ DO PIQUIRI";2026-02-21 11:00:00;2026-02-21 10:00:00;2026-02-21 09:00:00;234;3;10;16;17;3,2;5,6;"PIQUIRI";331;;"1977";399;181;563;"0%-10%";;;;;
66710000;-17,366;-56,775;95200;"POUSADA TAIAMÃ  (Ex-Porto Jofre)";2026-02-21 11:00:00;2026-02-21 10:00:00;2026-02-21 09:00:00;378;3;14;23;34;0;2,4;"CUIABÁ";474;;"2003";507;317;551;"0%-10%";;;;;
66750000;-17,623;-56,965;103000;"PORTO DO ALEGRE";;;;;;;;;;;"CUIABÁ";;;;;;;;;;;;
66810000;-18,394;-57,391;243000;"PORTO SAO FRANCISCO";2026-02-21 11:00:00;2026-02-21 10:00:00;2026-02-21 09:00:00;425;1;10;19;24;1,4;1,4;"PARAGUAI";;;"1995";558;337;822;"10%-20%";;;;;
66825000;-19,002;-57,594;253000;"LADÁRIO";2026-02-21 11:00:00;2026-02-21 10:00:00;2026-02-21 09:00:00;105;3;11;18;22;0;5,2;"PARAGUAI";147;;"1988";207,5;55;469;"0%-10%";;;;;
66870000;-18,508;-54,762;27600;"COXIM";2026-02-21 11:30:00;2026-02-21 10:30:00;2026-02-21 09:30:00;452;32;-29;-55;44;0,2;1,2;"TAQUARI";;;"1977";;;;"40%-50%";;;;;
66900000;-20,762;-56,091;11600;"ESTRADA MT-738";2026-02-21 10:45:00;2026-02-21 09:45:00;2026-02-21 08:45:00;122;10;8;-9;9;0;1,2;"MIRANDA";;;;;;;;;;;;
66910000;-20,241;-56,399;15000;"MIRANDA";2026-02-21 11:00:00;2026-02-21 10:00:00;2026-02-21 09:00:00;233;-32;-114;-247;82;0;3,8;"MIRANDA";135;;"1992";489,5;135;706;"10%-20%";;;;;
66941000;-20,448;-55,428;10900;"PALMEIRAS";2025-12-06 05:30:00;2025-12-06 04:30:00;2025-12-06 03:30:00;184;9;51;25;34;0;0;"AQUIDAUANA";;;"2011";249,5;121;664;"10%-20%";;;;;
66945000;-20,478;-55,801;15700;"AQUIDAUANA";2026-02-21 11:00:00;2026-02-21 10:00:00;2026-02-21 09:00:00;319;7;-22;-515;115;0;0;"AQUIDAUANA";258;;"2011";372;143;975;"20%-30%";;;;;
66960008;-19,601;-57,437;371000;"PORTO ESPERANÇA";2026-01-22 06:30:00;2026-01-22 05:30:00;2026-01-22 04:30:00;13;1;-2;2;9;0;0;"PARAGUAI";;;;;;;;;;;;
66970000;-19,92;-57,792;372000;"FORTE COIMBRA";2025-12-13 07:00:00;2025-12-13 06:00:00;2025-12-13 05:00:00;-100;0;-6;;-16;0;0;"PARAGUAI";17;;"1988";158;-89;423;"Mínima-0%";;;;;
67030000;-21,099;-57,844;546000;"BARRANCO BRANCO";;;;;;;;;;;"PARAGUAI";;;;;;;;;;;;
67100000;-21,7;-57,891;576000;"PORTO MURTINHO";2025-12-15 07:00:00;2025-12-15 06:00:00;2025-12-15 05:00:00;147;1;-3;-15;-73;0;0;"PARAGUAI";228;;"1982";354,5;175;698;"Mínima-0%";;;;;
71200000;-27,803;-49,779;1010;"Vila Canoas";2026-02-21 11:00:00;2026-02-21 10:00:00;2026-02-21 09:00:00;152;-8;-144;26;-4;0;15,4;"CANOAS";;;;;;;;;500;600;700;"Normal"
71300000;-27,702;-49,84;2000;"Rio Bonito";2026-02-21 11:00:00;2026-02-21 10:00:00;2026-02-21 09:00:00;264;-76;87;137;72;0,6;4;"CANOAS";367;;"1990";250;60;1024;"50%-60%";;;;;
71350001;-27,508;-50,113;3230;"Encruzilhada II";2026-02-21 11:00:00;2026-02-21 10:00:00;2026-02-21 09:00:00;284;-11;130;136;116;1,4;6,2;"CANOAS";419;;"2017";226;118;574;"60%-70%";;400;500;600;"Normal"
72715000;-26,896;-51,076;801;"Rio das Antas";2026-02-21 11:00:00;2026-02-21 10:00:00;2026-02-21 09:00:00;155;-2;-29;7;6;0,4;22,8;"DO PEIXE";153;;"1997";146;88;231;"70%-80%";;250;350;450;"Normal"
72810000;-27,088;-51,258;2010;"Tangará";2026-02-19 21:00:00;2026-02-19 20:00:00;2026-02-19 19:00:00;96;-25;17;16;20;0,2;37,2;"DO PEIXE";79;;"2022";87;65;226;"50%-60%";;350;450;550;"Normal"
72849000;-27,159;-51,481;3710;"Joaçaba I";2026-02-21 11:00:00;2026-02-21 10:00:00;2026-02-21 09:00:00;155;-14;6;59;32;0;48,8;"DO PEIXE";173;;"2014";134,5;66;376;"60%-70%";;700;800;900;"Normal"
73770000;-26,818;-52,734;5550;"Porto Fae Novo";2026-02-21 10:45:00;2026-02-21 09:45:00;2026-02-21 08:45:00;147;50;20;44;71;0;3,6;"CHAPECÓ";152;;"1983";119;21;348;"50%-60%";;;;;
73960000;-27,042;-52,954;8240;"Barra do Chapecó Aux.";2026-02-21 11:00:00;2026-02-21 10:00:00;2026-02-21 09:00:00;184;20;3;24;29;0;25,8;"CHAPECÓ";201;;"1983";174;127;324;"50%-60%";;520;630;700;"Normal"
74100000;-27,176;-53,23;61900;"Iraí";2026-02-21 11:00:00;2026-02-21 10:00:00;2026-02-21 09:00:00;196;-78;-18;18;23;2,6;44;"URUGUAI";197;;"1983";212;50;686;"40%-50%";;500;600;800;"Normal"
74295000;-27,013;-53,295;300;"Linha Jataí";2026-01-07 13:30:00;2026-01-07 12:30:00;2026-01-07 11:30:00;82;-7;-29;-39;-11;0;0;"IRACEMA";;;"1983";76;50;186;"50%-60%";;600;700;800;"Normal"
74300000;-26,588;-53,454;814;"Guatapara de Baixo";2026-02-21 09:15:00;2026-02-21 08:15:00;2026-02-21 07:15:00;57;1;-9;1;1;11;21,6;"DAS ANTAS";56;;"2013";68;52;221;"0%-10%";;700;900;1100;"Normal"
74320000;-26,682;-53,286;609;"Ponte do Sargento";2025-05-12 10:00:00;2025-05-12 09:00:00;2025-05-12 08:00:00;-13;2;0;1;0;0;0;"SARGENTO";;;;;;;;;;;;
74329000;-27,172;-53,71;72300;"Itapiranga";2026-02-21 11:15:00;2026-02-21 10:15:00;2026-02-21 09:15:00;191;17;-15;27;13;0;42;"URUGUAI";117;;"2023";146;36;226;"71%-86%";;500;600;730;"Normal"
74500000;-27,302;-54,14;82300;"Alto Uruguai";2026-02-21 10:30:00;2026-02-21 09:30:00;2026-02-21 08:30:00;253;49;;46;100;0;16,4;"URUGUAI";139;;"1965";170;5;1117;"70%-80%";;1700;1900;2100;"Normal"
74720000;-27,578;-54,683;90700;"Porto Mauá";2026-02-21 11:30:00;2026-02-21 10:30:00;2026-02-21 09:30:00;288;27;18;12;19;0;17;"URUGUAI";223;;"2023";204;134;353;"67%-83%";;800;950;1050;"Normal"
74800000;-27,853;-55,026;95200;"Porto Lucena";2026-02-21 10:30:00;2026-02-21 09:30:00;2026-02-21 08:30:00;128;34;15;;;0;24,4;"URUGUAI";91;;"2014";101;30;452;"50%-60%";;800;900;1000;"Normal"
75230000;-28,355;-54,268;5440;"Santo Ângelo";2026-02-21 10:45:00;2026-02-21 09:45:00;2026-02-21 08:45:00;148;0;14;22;-2;0;33,2;"IJUÍ";112;;"1992";110,5;46;307;"70%-80%";;;;;
75550000;-28,182;-55,643;116000;"Garruchos";2026-02-21 11:30:00;2026-02-21 10:30:00;2026-02-21 09:30:00;111;14;-8;-19;-31;0;0;"URUGUAI";63;;"1983";80;-31;944;"50%-60%";;1300;1400;1500;"Normal"
75780000;-28,624;-56,037;125000;"Passo São Borja";2026-02-21 10:45:00;2026-02-21 09:45:00;2026-02-21 08:45:00;207;16;-5;-24;-23;0;9,8;"URUGUAI";145;;"2014";187;18;970;"40%-50%";;;;;
75900000;-29,118;-56,554;131000;"Itaqui";2025-12-08 07:00:00;2025-12-08 06:00:00;2025-12-08 05:00:00;201;-13;-263;-99;-263;0;0;"URUGUAI";;;"1983";166;-15;825;"50%-60%";;630;730;830;"Normal"
76251000;-30,97;-54,693;462;"Dom Pedrito";2026-02-21 11:30:00;2026-02-21 10:30:00;2026-02-21 09:30:00;439;9;-9;35;16;0;7;"SANTA MARIA";577;;"2002";462;358;1018;"30%-40%";;;;;
76300000;-30,281;-54,903;6010;"Ponte Ibicuí da Armada";2026-02-21 10:45:00;2026-02-21 09:45:00;2026-02-21 08:45:00;29;5;5;38;31;0;8;"IBICUÍ DA ARMADA";56;;"1997";65,5;-33;550;"10%-20%";;600;650;700;"Normal"
76310000;-30,243;-54,917;12100;"Rosário do Sul";2026-02-21 11:30:00;2026-02-21 10:30:00;2026-02-21 09:30:00;-21;6;17;42;37;0;8,4;"SANTA MARIA";;;"1992";123;-172;595;"0%-10%";;450;550;650;"Normal"
76560000;-29,596;-55,481;29400;"Manoel Viana";2026-02-21 10:30:00;2026-02-21 09:30:00;2026-02-21 08:30:00;280;-24;116;120;105;1;53,8;"IBICUÍ";272;;"2024";247;85;930;"50%-60%";;760;860;960;"Normal"
76742000;-29,951;-55,6;1160;"Passo do Osório";2026-02-21 10:45:00;2026-02-21 09:45:00;2026-02-21 08:45:00;155;-24;125;147;136;0;39,8;"ARROIO CAVERÁ";31;;"2019";92;-10;523;"60%-70%";;;;;
76750000;-29,768;-55,788;5867;"Alegrete";2026-02-21 11:15:00;2026-02-21 10:15:00;2026-02-21 09:15:00;234;14;135;151;144;0;41,6;"IBIRAPUITÃ";108;;"2019";126;59;1230;"70%-80%";;750;850;970;"Normal"
76800000;-29,309;-56,055;42500;"Passo Mariano Pinto";2025-12-08 07:00:00;2025-12-08 06:00:00;2025-12-08 05:00:00;110;-4;-28;-90;-142;0;0;"IBICUÍ";198;;"1992";149;2;874;"30%-40%";;700;750;800;"Normal"
77150000;-29,749;-57,089;190000;"Uruguaiana";2026-02-21 11:30:00;2026-02-21 10:30:00;2026-02-21 09:30:00;256;;32;37;39;0,8;68;"URUGUAI";222;;"1983";233;79;909;"50%-60%";;650;750;850;"Normal"
77500000;-30,384;-56,466;4570;"Quaraí";2026-02-21 11:00:00;2026-02-21 10:00:00;2026-02-21 09:00:00;155;34;98;107;102;0;35,6;"QUARAÍ";104;;"2001";68;4;698;"70%-80%";;600;750;950;"Normal"
82009800;-25,213;-48,489;227;"TAGAÇABA";2026-02-21 11:30:00;2026-02-21 10:30:00;2026-02-21 09:30:00;147;0;0;0;0;0;0;"TAGAÇABA";;;"2022";166;160;225;"Mínima-0%";;;;;
86472000;-29,098;-51,7;13000;"Linha José Julio";2026-02-21 10:30:00;2026-02-21 09:30:00;2026-02-21 08:30:00;286;-11;1;0;-40;0;3,4;"TAQUARI";334;;"2023";311;207;375;"11%-22%";;;;;
86472600;-29,178;-51,732;;"Santa Tereza";2026-02-21 10:45:00;2026-02-21 09:45:00;2026-02-21 08:45:00;139;-60;17;-19;-44;0;8,2;"TAQUARI";;;;;;;;;;;;
86510000;-29,167;-51,869;16000;"Muçum";2026-02-21 11:15:00;2026-02-21 10:15:00;2026-02-21 09:15:00;131;-49;37;-5;-25;0;0,6;"TAQUARI";193;;"2023";168,5;46;755;"30%-40%";;;;;
86720000;-29,234;-51,855;19100;"Encantado";2026-02-21 11:30:00;2026-02-21 10:30:00;2026-02-21 09:30:00;23;-34;-1;4;-24;0;16,4;"TAQUARI";70;;"2023";155;70;1190;"Mínima-0%";;;;;
86879300;-29,473;-51,962;22472;"Estrela";2026-02-21 11:15:00;2026-02-21 10:15:00;2026-02-21 09:15:00;1282;-8;-2;-6;-11;0;1,2;"TAQUARI";;;"2024";1294;1270;1303;"0%-33%";;;;;
87160000;-29,336;-51,189;2030;"Nova Palmira";2026-02-21 11:15:00;2026-02-21 10:15:00;2026-02-21 09:15:00;119;-6;-9;2;-7;0;3,8;"CAÍ";142;;"2024";72;1;314;"90%-100%";;;;;
87170000;-29,59;-51,383;3030;"Barca Do Caí";2026-02-21 11:15:00;2026-02-21 10:15:00;2026-02-21 09:15:00;191;-8;-13;6;-27;0,4;1,4;"CAÍ";235;;"2024";190;125;1277;"50%-60%";;500;700;1050;"Normal"
87270000;-29,701;-51,441;4360;"Passo Montenegro";2026-02-21 11:15:00;2026-02-21 10:15:00;2026-02-21 09:15:00;80;1;-14;-17;5;0;0,8;"CAÍ";95;;"2024";89,5;29;726;"40%-50%";;;;;
